(-1.256105886826673+0j),(4.127105886826673+0j),(2.9290000000000003+0j)
(-1.4382314467027277-5.546668013258564e-17j),(4.583766118087677+1.2510778450189457e-16j),(1.9349600329210177+1.8472336061128346e-17j)
(-1.151065019605804-2.6170274872646993e-18j),(4.044058385891032+2.5971294252019524e-18j),(2.8734243000142223-4.4406931178800063e-16j)
(-1.2153421863413763+2.093309707391709e-18j),(4.372933667034559+8.702166623522461e-18j),(1.9885004624716298-2.328400812559454e-16j)
(-0.8972167709082406-5.275242389212306e-18j),(3.865318633141299+3.1122965760852075e-17j),(2.7037653586613093+1.8314102986006646e-19j)
(-0.8837049025448063+1.5867522051053745e-17j),(4.056448285470279+2.2938821604737985e-17j),(2.092439145840587-1.017072203765961e-16j)
(-0.6731123701245914-5.7273959181100855e-18j),(3.7588738886114204-2.7326514628565703e-17j),(2.448033434359075+6.629425608020437e-18j)
(-0.6581240301421504+2.266018606896943e-18j),(3.8108683400871746+4.982014655532784e-18j),(2.2630477567347116-2.8573576429470316e-17j)
(-0.690627854537127+1.2484233256767983e-17j),(3.854757813776684-1.8084928358424305e-17j),(2.2135477654441433+5.6006951016563386e-18j)
(-0.7121730066280696+1.2029147505193883e-17j),(3.769096709125735-1.4969315206178464e-17j),(2.5132066359427743+2.2498477262601603e-16j)
(-0.9640007521414655+9.051923652161625e-17j),(4.134142962573307-5.729456046160542e-18j),(2.062179814176727-2.1213555603557567e-16j)
(-0.9648289287839846-6.111200033622452e-18j),(3.909174319551745-2.0672383051894156e-17j),(2.7553737151208866+9.7786321244774e-19j)
(-1.2859172444610296+4.9921802553456637e-17j),(4.439653544719415-3.8015917788517157e-17j),(1.9708123415115713-2.3395048968997086e-16j)
(-1.1947334789572952-1.930961969243246e-21j),(4.078065490836458+4.4844789019718193e-20j),(2.897314855868889+4.440462960230121e-16j)
(-1.46063701260207-9.291157958336525e-17j),(4.604994989379238+7.026449629578356e-17j),(1.9298857626133643-1.9939752163744957e-16j)
(-1.2496004555037363+6.680886885058625e-23j),(4.121842999972008+3.118849919935945e-22j),(2.9257384251305836-3.786938608442014e-22j)
(-1.402094417818864+3.4004536460105726e-17j),(4.549546091856077+3.810826117400263e-17j),(1.943237819358787+2.3844833047528033e-16j)
(-1.0980047582196124+2.9038024579416846e-18j),(4.003839616418851+9.869296511893332e-18j),(2.8426880939409926-4.441960393966528e-16j)
(-0.8608238870746637+7.935463171039843e-17j),(1.781209867794482+1.5563065510555132e-16j),(4.113798965538407-1.2940681890918305e-17j)
(-0.8275058474530983+1.7197407315207554e-17j),(3.96674997833322+1.194039718522626e-16j),(1.9796649853151995-2.557907670495442e-17j)
(4.1928470698504965-7.76435911416938e-17j),(-0.7470879707349903+3.044175712832887e-16j),(1.5923802799514204-4.729375216563798e-18j)
(-0.7229344339829573-9.363446858459348e-17j),(3.8813839538852113-1.0756136666704897e-16j),(1.9527353006614139-2.0848769673388824e-17j)
(4.166643974271024+1.1787527670647435e-16j),(-0.6005357399197321+2.688860924427409e-17j),(1.4831647778550587-1.447638859507484e-16j)
(-0.6464703106036428+4.6961837466910285e-17j),(3.71470226319357+1.7529693113753667e-17j),(2.0289295507406813+3.7959767926939925e-16j)
(4.064066214544852+1.070263640513265e-16j),(-0.5431847379232673-1.3553560152074378e-16j),(1.5446500098055214+1.3953153993193288e-16j)
(-0.6520038081664795-8.191283919397702e-17j),(3.563810620309861+2.7754337517924016e-17j),(2.167619911247852-1.1237495201772043e-16j)
(-0.6260129505378345-9.858211316352707e-17j),(3.9400496403760235-9.492688331718343e-18j),(1.7698781255902223-2.947500967270275e-18j)
(-0.7318908350591464+4.3718542662100515e-17j),(3.5708054910630413+1.4220188628491197e-17j),(2.2223382164890775-5.793873129059188e-17j)
(-0.7670033217141585-1.013634306274563e-17j),(3.8696952513078635-9.092288033523192e-17j),(1.9983390086877215-9.963079064538242e-18j)
(-0.8313886576441958-2.749791157649073e-17j),(3.7576082136041924-8.567900132778342e-17j),(2.119773803057635-3.5866787256141746e-16j)
(-0.8678396277511233+9.040999314102736e-17j),(3.8974336655885367-7.652682794367901e-17j),(2.084127578965716+9.713913726516723e-17j)
(-0.8833336403579457-1.697132666085329e-16j),(1.9353873183445112-2.9115552507637164e-17j),(3.984410164723906-2.3215785808861354e-17j)
(-0.8784123960217731+7.701410343035588e-17j),(3.96040285421006-6.009190771947876e-17j),(2.037654730162362-7.243334694213484e-17j)
(-0.8409799246342144+1.160088087850157e-16j),(1.7321923127385925+5.561326722850984e-17j),(4.143210305778272+1.6144483137402142e-16j)
(-0.8037531937760187+6.852724278605437e-17j),(3.955996344706285-1.0280432240522455e-16j),(1.9654654945409296-2.9878982776837655e-16j)
(4.195517381371409-1.131164265440971e-16j),(-0.7102363836204142+6.997706610960701e-17j),(1.5549655441297137+4.313936043449008e-17j)
(4.735674911780522-1.5304611467306266e-16j),(-1.3091259950664353+3.608117611925112e-17j),(1.6356366741919148+2.279872410163271e-16j)
(-1.1938136727462139-1.0231791717847401e-17j),(4.086067350994641+6.20469916691944e-17j),(2.869484096082691+2.2574055620494213e-16j)
(4.631877258607326+1.080322072077615e-16j),(-1.2107576763975116-1.8468575707038684e-16j),(1.6737170468543783-8.987990383114826e-17j)
(-1.0062560678587174+1.2823738373919102e-17j),(3.891936891209004+1.5279199596906486e-16j),(2.8122788357327706+2.229623242758206e-16j)
(-0.9584090919574688-1.4998008376047596e-16j),(4.344820336178382-3.001287528972031e-17j),(1.8003537847074438-9.756279710609292e-17j)
(-0.7547038288591704-1.4155534413119087e-18j),(3.680338320983542-1.376456197221648e-17j),(2.6565371669518685+1.5180115413528413e-17j)
(-0.7197958988862618+4.661297317762035e-17j),(4.003185907123935+1.2479924791400578e-16j),(2.037618308630061-1.7141222109162634e-16j)
(-0.6211674515274741-8.445172999950562e-18j),(3.7149725339245534+1.002389231672395e-17j),(2.341933698807803+4.563882783411036e-16j)
(-0.6802203397794668+2.0209873082765457e-17j),(3.773796493322771-8.603020124106073e-17j),(2.379219993775079-4.892911841542839e-16j)
(-0.7287368837773245+1.160920811901348e-17j),(4.007122739853294+3.1489750613829585e-17j),(2.0072947175765776+4.016776811404362e-17j)
(-0.8575760853580459+1.9540161822223663e-17j),(3.7813471574006705-1.2417368693846362e-16j),(2.690349813216376-6.388777346275699e-18j)
(-1.000825318019768-4.910579536527597e-17j),(4.381209892398409-3.926543690651149e-17j),(1.7793009499555805-2.2651070190728223e-17j)
(-1.0937542315242708+2.6385239192566698e-17j),(3.9720560262225724+8.416327847820151e-17j),(2.840603733190936+4.445629946418108e-16j)
(4.659642594892127+1.662805863409758e-17j),(-1.2411650296970522-4.865011821976863e-18j),(1.662524462509922+1.5992528803508238e-17j)
(-1.2215295818708662-1.0818007569674322e-17j),(4.110097832827494+6.592859061473983e-17j),(2.879247138343106+4.0056818619233155e-19j)
(4.731398892920275-6.465256363557943e-17j),(-1.3045160147516939-1.2697939063513011e-16j),(1.6372657519728235-3.041265065432189e-17j)
(-1.1617669419131205+9.355480037129028e-18j),(4.052934041045066-7.44084089621524e-17j),(2.8606586050446308+6.505292892502326e-17j)
(4.575147158318596+5.063063951134026e-17j),(-1.1587283878890728-3.172277314728255e-17j),(1.6958163217686713-2.4095247128908914e-16j)
(-0.9655363016532978-4.696740531085408e-17j),(3.7275574425600255-7.442546874453198e-17j),(2.4799487153513358-3.2269633579467705e-16j)
(-1.065090452540808-1.2705609375289892e-16j),(1.9340776112849773-2.573547022718186e-17j),(4.123509279939337+1.5279156398008088e-16j)
(-0.834488251077415+4.2631088135844265e-17j),(3.652987731536091+1.282990700726074e-17j),(2.4118264037417223-5.5460995143104957e-17j)
(-0.9272735029216013-2.2969512392093517e-16j),(4.199058151948002+5.4271054128531084e-17j),(1.7434562606978439+1.7542406979240413e-16j)
(-0.6537827773375908+1.7363685020914227e-17j),(3.530880399410242-1.2244690526749736e-17j),(2.320444872082437-5.118994494164513e-18j)
(4.197589933120304+3.350742729341872e-16j),(-0.7333450352134849+1.3556010934781463e-16j),(1.592288182380583+1.9549943249309153e-16j)
(-0.5238067171990097-2.0877072296260212e-18j),(3.4501425045208056+1.418061750832282e-17j),(2.2233330347582365-2.3413751520372826e-16j)
(4.11798021712182-2.1270604512735457e-16j),(-0.6604038773079116-2.491182607699445e-18j),(1.651177448740009-6.8473771899774035e-18j)
(-0.5402917039175075-1.0274500510217754e-17j),(3.500019888815425+1.3238723414118318e-19j),(2.135810252478938-4.3394709657398583e-16j)
(-0.7660519378373942-3.1350890192986384e-17j),(3.98301578875136+4.476581056730373e-16j),(1.9453035064060586-1.942626105550193e-16j)
(-0.7123023449175188+6.891009301287659e-17j),(3.6586290945607316+6.209469018807942e-17j),(2.098812637888274-4.773805635406937e-17j)
(-0.9177970775460242-9.22575042591484e-17j),(3.844747742083973-2.278071577942182e-17j),(2.280248888400443+4.015917576054527e-18j)
(-0.9324083318180884-3.184502461290911e-17j),(2.089021989248579-2.5603212880565917e-17j),(3.8511575629711357+1.1295938872473286e-16j)
(-0.9916295519389338+6.526165256204153e-17j),(3.7615981089476183-6.99675115879339e-17j),(2.465291005284123+4.705859025892382e-18j)
(-1.0675732189887102-8.908244080801806e-17j),(2.0341303110743514-1.2838993016293623e-16j),(4.023771955211133+3.284946734334699e-16j)
(-0.9424092708126124-1.4256254535142288e-17j),(3.7146771490710724-1.363066864518657e-16j),(2.469001921422714+1.5056294098700772e-16j)
(-1.0439480155571936+1.64077087709704e-16j),(1.8916502987946708+7.998227767423015e-17j),(4.148328985406225-2.2014760458902636e-17j)
(-0.7916983546431966-3.3779944005527666e-17j),(3.6257314639687457-1.3462494660448998e-16j),(2.390088156890049+1.6840489061001807e-16j)
(-1.1340779662369305-1.248745644763585e-16j),(4.1004052133548665+2.7033980011297185e-17j),(2.71857583017181-1.3181717997454132e-17j)
(4.739457368288423+1.1191297145419441e-16j),(-1.131442392691949+3.0454355844775003e-16j),(1.436088587225193-8.338962251439746e-17j)
(-1.008812229329959-7.918168228327743e-17j),(3.9707282723427326-1.5737930502234545e-16j),(2.6930782299098484+6.806501971556857e-16j)
(4.559124755281059-1.4806309899832318e-16j),(-1.0042422622335303+5.78084337677068e-17j),(1.5476427090070315-1.317899396944149e-16j)
(-0.7796371428583998-2.7479384282430928e-17j),(3.6886795236462833+1.6091468662807247e-16j),(2.6617442012797734-2.2412999883125538e-17j)
(-0.8126183929870883+2.0499371811906565e-16j),(4.250348031898375+1.107894254650494e-16j),(1.770858979059325+1.2830606626594769e-16j)
(-0.572111955438265-1.753849768554731e-17j),(3.5645118345549145+1.9153035541157246e-17j),(2.455417987006233-5.712568908686763e-17j)
(-0.723168800180602-1.0437211235691626e-16j),(3.9395090281727128+9.669851869208642e-17j),(2.126382939573789+7.673593664829767e-18j)
(-0.521229680280833+1.2954561447276568e-17j),(3.802366736317362-4.200038691061893e-17j),(2.027641049565973+2.9045825463342394e-17j)
(-0.8090816489101249+1.8743620424839624e-16j),(3.7740380601708403+2.5867001427084085e-16j),(2.5152221582320147-2.017008669174317e-18j)
(4.197269977640339+6.416934103107198e-17j),(-0.6761487539834721-4.0913636874653086e-17j),(1.6582014594619567-7.87668553876767e-17j)
(-0.9883476815363161+9.891951828054343e-17j),(3.8615007278058244-1.0100899060589174e-16j),(2.722438738050537-4.419997375247136e-16j)
(4.552070837587421+1.3498707243773093e-17j),(-0.9325863660356133-5.618406400211075e-17j),(1.4638540238079234-2.9038155062920903e-16j)
(-1.123122751609982+8.74650166544203e-18j),(4.049344518517756-3.154441451260902e-16j),(2.7414451929764345-2.636926392689909e-17j)
(4.741032548390178-2.794930699457654e-16j),(-1.1131019621787084-1.8857263516820417e-16j),(1.4106057969011112+7.948764649516496e-17j)
(-1.1175782262083178-1.5304681846003733e-16j),(4.0896921871568885-8.339163821978432e-17j),(2.710990945141471+1.4393851754790418e-17j)
(4.712620445711934-1.7018921053484977e-16j),(-1.1142182428396938-1.2884823932817897e-16j),(1.4547809538566419+2.990374498630291e-16j)
(-0.9587039516437885+1.099482489319707e-16j),(3.9089818446549667+2.293324527363853e-16j),(2.688779146073975-6.213794280809202e-18j)
(-1.3412669021371548+3.203344147446525e-17j),(2.4094234152515046-8.186491020728726e-17j),(3.914004398203256+1.608537711953377e-16j)
(-0.9616580247225861-4.6578773214201626e-17j),(3.624350330420415+2.061136518371682e-16j),(2.7198546218487665+6.998575070806997e-18j)
(-1.299207081119495+8.759186062340807e-17j),(2.27754011885053-2.374900832138215e-16j),(4.02251557037839-1.831686847971343e-16j)
(-0.7446030052386454+4.058112571332616e-18j),(3.5311368006497155-6.55256590436155e-17j),(2.5595099718398333+5.956395241025184e-18j)
(-1.073781432961163+1.3942240520490807e-16j),(4.108957782397529-6.49703115923574e-18j),(2.018287126687199+8.911923087935875e-17j)
(-0.4913334298812776-3.3833131606713456e-17j),(3.4891314878976494+7.335559335523778e-17j),(2.281974890347423-3.952246174852426e-17j)
(-0.8175890579832845+1.7990458987412113e-17j),(4.133093158856713-2.5261735434194008e-17j),(1.8147930075895617+7.27127644678186e-18j)
(-0.37505062001141654+1.808070356425286e-17j),(3.5296852871794067+9.694795523452975e-18j),(2.041327983686907-1.992347207692287e-20j)
(-0.7416562462522738-3.230439650164306e-16j),(4.080687776186162+9.570491556963686e-17j),(1.8781407626627822-1.057278579407532e-16j)
(-0.5480749033106936+9.004979604637776e-17j),(3.62788472554706+7.134516158640224e-17j),(2.0302675875344756+3.3820540344854003e-16j)
(-0.8661696000914414+3.0911620282647366e-16j),(3.966553073811555-9.841159335154182e-17j),(2.1976754920359562-9.968230701241634e-17j)
(-0.9070623544649301+1.0191645129328327e-17j),(2.2066783902059517+4.0331202390086814e-17j),(3.738348589513668-1.0603399875067288e-16j)
(-1.0110448549208995-1.5114836404229015e-16j),(3.827552657837126-4.6092891353454246e-18j),(2.5415242522229358+4.4735350715119993e-17j)
(-1.2227262970298336-8.785276332529487e-17j),(2.3777815614225237+2.881818282518439e-17j),(3.837875162549451+3.523429268852644e-18j)
(-1.0414005178533479-9.727360538283143e-17j),(3.7037679736655105+1.8975062219268298e-17j),(2.7236579714133846-3.272375929895259e-17j)
(-1.3518394253780253-1.8104485653483124e-17j),(2.395041486967954-1.6882764691872743e-18j),(3.940082387724961-3.132741452648769e-16j)
(-0.9185243351467267+3.5211273255954055e-17j),(3.599918367330242+4.932732572530573e-17j),(2.695479759926166+4.705729133313179e-16j)
(-1.2573774258273587+8.578090738461782e-18j),(2.220797973230659-2.4912427581904702e-17j),(4.047386004527587+1.6334336843442933e-17j)
(4.7201162904979785+2.1498248884385772e-16j),(-0.9184981899897584+3.2391910894350404e-16j),(1.2039046850510258-2.058346903998147e-16j)
(-0.9430526141531745+6.286764604668434e-17j),(4.0497122124683855+1.2391155424914345e-16j),(2.4453691000320754+3.526540462920345e-17j)
(4.668627939812216+5.810792119983719e-17j),(-0.9332128061117321+3.23483310546533e-17j),(1.2956153778510588+2.0566050208025188e-17j)
(-0.750640986131047+5.806217597544838e-17j),(3.821601458255584+6.415211736790628e-17j),(2.431243326929484+2.1085261404419223e-16j)
(4.46013302682244-2.693004959088209e-16j),(-0.8364114528373642+1.3526940714233092e-16j),(1.4791254728718475+2.30087863039744e-17j)
(-0.5368532977579306-1.2509237947294292e-17j),(3.552465137545784+8.944028184603334e-17j),(2.3961357672437122-4.655091025175439e-16j)
(-0.7616198402015586-2.262725974367368e-16j),(4.173545724795994+2.4862145955232224e-16j),(1.7957950406510528-2.4439346704061645e-16j)
(-0.39294637657731624+3.7723321806554914e-18j),(3.609960860324206+1.1989209336293236e-16j),(2.0803364628505037-1.2642123081072204e-17j)
(-0.8013448266376071+8.228793560335603e-17j),(3.9173402327383013+1.3499163858264728e-16j),(2.2103055890752428+4.765030739028149e-18j)
(3.962564657356511-8.03217162581268e-17j),(-0.3929994768976842-1.5338601333194648e-17j),(1.6105569165505238+2.066826200538373e-16j)
(-0.921297708236896-1.809023203345755e-17j),(3.832800725547726-6.497273474800262e-16j),(2.5252040443998585+1.6837647383898483e-18j)
(4.352857980794271+4.326245518093819e-17j),(-0.5643310801054146-2.5075140915445793e-17j),(1.2931650276126432+3.7323836965765474e-17j)
(-1.0229704492045526+1.3868971400655048e-16j),(3.9650054266746126-3.5075157130680947e-16j),(2.576532205792136-4.540719574748349e-16j)
(4.630519981233075-1.7530026650419466e-16j),(-0.8006013042905126+9.712132353795469e-17j),(1.1903039326067972-3.2843359496275445e-17j)
(-1.0251641220707106-1.1575444353388812e-16j),(4.084770551691547-1.1934563072818286e-16j),(2.4971702383485828+1.305546933703967e-17j)
(4.724872044773715-2.630014500954914e-17j),(-0.9369702067237964+1.9584394827365867e-16j),(1.2191545179485248+5.250080166092209e-17j)
(-0.9030405737184497+8.026628544491676e-17j),(4.011152550929789+2.6532151374215786e-17j),(2.4361731888080103-4.398653442066793e-16j)
(4.6299054681636616+7.88914027626859e-17j),(-0.9155997853244088-1.6669229675542124e-17j),(1.3303168997563748-6.22221730871438e-17j)
(-1.0799906503811274-2.0981736486955535e-16j),(3.824657951858863-1.1258522191588961e-16j),(2.791833843188477-1.0664320602101997e-17j)
(-1.5597129610189082+1.1875551270482409e-16j),(3.7813962556305425-2.1986985227501518e-16j),(2.7857260130240316-2.0419699220172552e-16j)
(-0.9151235275261176-3.3935993359435283e-17j),(3.7372427115512656-7.540796026620686e-17j),(2.6896870226944833-2.237229537619049e-16j)
(-1.3933729583092263+1.596291533525267e-16j),(3.8609890936638704-2.3560787789356047e-16j),(2.5880304317142184-3.504357792148174e-17j)
(-0.6215500210531206+9.742834077011815e-18j),(3.6670051107825956+1.060138831769639e-16j),(2.3968229715396427-4.734414791460087e-18j)
(-1.073288372103868+2.7494485481677044e-16j),(3.9499559009215783-2.2313149448478056e-16j),(2.2665528991885235-5.181336033199053e-17j)
(-0.3679867734172203-2.3398791535708466e-17j),(3.64528774523758-1.0299179688462211e-16j),(2.0634449528794607+1.536828595781498e-17j)
(-0.8038358455500001-8.367285014494359e-17j),(3.9992745467575763-1.0739405916158584e-16j),(2.058533207803672+1.9106690930652976e-16j)
(-0.42406031523547705+4.509668556639175e-17j),(3.672428863448091+1.131222064825662e-16j),(1.9775757877639701+3.4138146903236277e-16j)
(-0.7855787874828415+4.720926909039111e-17j),(3.997068165380558-4.77629462821715e-16j),(2.15597595530192-1.3669016118739114e-17j)
(-0.8138793333618561+5.531772004128466e-17j),(2.2113100901798557-1.8685311769469484e-16j),(3.7216255342256717-2.0153150973413728e-16j)
(-0.950252271743222+3.4063116811485615e-17j),(3.9530281946280614+3.9535907320743236e-16j),(2.459983162060651-9.635528263137084e-17j)
(-1.2508729982661966-9.671688928370254e-17j),(2.5356120788409138-5.746467004814519e-17j),(3.755065511488653+4.315925686933203e-17j)
(-1.0827979102104368-5.146693819252786e-17j),(3.885093794714335+4.197583169164075e-17j),(2.7199738370487325+9.491106500887057e-18j)
(-1.5215700165472144-1.5232549721807958e-16j),(2.7630776585617176-2.6730446105604184e-16j),(3.761304987139267-5.221482719157367e-17j)
(-1.0562274837481131+1.3746867600002394e-16j),(3.8037528257160194-2.828737364442202e-17j),(2.7874910985406633+1.8410001069137227e-18j)
(-1.5403020387837354-2.8402468077303216e-17j),(3.796019507362272-3.926116852681598e-17j),(2.7591886284762728+6.76636366041191e-17j)
(-0.8513181897685917+1.673308653257009e-17j),(3.7170307464563788+2.213891687637467e-16j),(2.6329346819960273-1.6077650371285784e-17j)
(-0.8756354569438212+1.144233816864493e-16j),(4.074255580291711+7.057940992558816e-17j),(2.2119779856973225-5.180696989995842e-16j)
(4.656963501491794+3.3334878375094496e-17j),(1.0689724507929803-2.2990426845372215e-16j),(-0.737239067274984+1.9656939007862793e-16j)
(-0.7054246940442632-1.4117955958612824e-17j),(3.970836947435594+1.4924107813811246e-16j),(2.125493953760983-2.4100819716983938e-17j)
(4.561503869743955+8.615981165246646e-17j),(-0.7430683407638067+1.8978619788474758e-17j),(1.2087260560582846+5.8838710215743175e-18j)
(-0.5175402778342042-5.356843928344441e-17j),(3.716298501508421-9.544584024741745e-17j),(2.13670579439592+2.0452543076211956e-16j)
(4.347779262553349+6.449011302378677e-17j),(-0.7275169799210313+1.776075006613953e-16j),(1.4767312607488152-2.0053008760150783e-17j)
(-0.3699319224188894+4.761414308757451e-17j),(3.55461237577554+5.237684519748308e-17j),(2.0698211878642585+1.7756476787123138e-16j)
(-0.7777167807395793+8.996134761448997e-17j),(4.083675321693027-4.596494314970922e-17j),(1.8793489436557325-4.399640446478074e-17j)
(3.7403539129104972+6.32166006747407e-17j),(-0.29222734675800077-1.8094132223246456e-17j),(1.7148315519715904+1.7692213647353703e-16j)
(-0.8803558200671988+1.994574880024567e-18j),(3.8792383451102963-6.007954510180199e-18j),(2.2769253438732533+4.0133796301556335e-18j)
(4.104626536050903-5.071093429212896e-17j),(-0.32105071099145716+3.505850411635817e-17j),(1.294149080537599+1.565243017577087e-17j)
(-0.9600370143794896+5.604238542246793e-17j),(3.8809409093809912+3.717614279803692e-16j),(2.4308918226976695+1.6285396447225e-17j)
(4.433080798101118+3.248672156856465e-17j),(1.060319797245214-8.221427302191622e-17j),(-0.4788715027754999-6.129475100916423e-17j)
(-0.952387697787362-2.34581224806631e-16j),(4.023530975606782-9.612486885708704e-17j),(2.3281066031656397-2.3608137238288415e-18j)
(4.624285942063999-1.4118168597242736e-16j),(1.0227552482585291-3.857684360094908e-17j),(-0.662009726213749+1.2424737834211836e-16j)
(-0.8396814365647252-4.049840350144039e-17j),(4.0678264135099615+5.579219736084933e-17j),(2.181269219482921-3.483607012469562e-16j)
(4.647319541919018+1.4304589683137486e-16j),(1.0940297117132833-1.7908227819149314e-17j),(-0.74667438066105+9.690693591280588e-17j)
(-0.6586171022563432-6.488708921433774e-17j),(3.9175186571013105-1.213561834536001e-17j),(2.1215116068041016+4.656007661785024e-16j)
(-1.6447101462626859+1.595643225628372e-16j),(3.934304674444093-1.6781727284342552e-16j),(2.742170890713226+9.151967712747473e-17j)
(-1.1016202428055877-1.0681523900402573e-16j),(3.9634469078217047-1.2985616546880251e-16j),(2.7983911688388394-4.294624103022653e-16j)
(-1.5730236907938406-9.654619520968037e-19j),(3.8655501899657096-1.203623201466705e-16j),(2.7685714331044173+1.0305479636251507e-17j)
(-0.8642528302832733+7.47772727611007e-17j),(3.872950705158544+2.9341502507756974e-17j),(2.5942240037973083+6.903527193658086e-18j)
(-1.2807876234304125+1.0494959657817953e-16j),(3.8059667512670297-5.737019337008222e-18j),(2.6185039585810004-4.370142600991317e-17j)
(-0.5550427684567418-1.3112822323864261e-17j),(3.7871793993645166-4.6938411358579377e-17j),(2.266765490623268+4.5400824511858105e-18j)
(-0.921571022175415+5.843981045916353e-17j),(3.8209857272778733-2.0803757163732986e-16j),(2.364867702561863+3.857545871565056e-17j)
(-0.4350766116571375+8.313844943715567e-18j),(3.7508065273783746+3.1435991523689904e-17j),(2.0516221972353637+3.765837977670282e-16j)
(-0.7370689369739745-9.706222244075589e-18j),(3.879566730489444+2.2091606690405362e-16j),(2.258145318708797+2.328793651900847e-16j)
(-0.7020673679951963-1.389551285429694e-17j),(3.780717909755077+2.3523983959827623e-17j),(2.153894697377593-3.982065297243355e-16j)
(-0.8416179120128577-3.1934324946422545e-17j),(3.944134089905057+2.4209627229856763e-16j),(2.4250879744900145-2.1016194735214478e-16j)
(-1.1563159200214228-1.4459653781440855e-17j),(3.862267992547018-9.27527692206727e-18j),(2.4134037650300573+2.3734930703508142e-17j)
(-1.0526396403475395+4.727935969226407e-17j),(3.992732661810939-5.3886259959957976e-17j),(2.6816458692156795+6.606900267693856e-18j)
(-1.5207680538770199-4.5413137478106136e-17j),(3.9331329097444847-1.3130853906966668e-16j),(2.6363045702298633+1.0188222853999296e-17j)
(-1.1559237776861537-6.850652434012473e-17j),(4.000174814067557+1.752038522620217e-16j),(2.8214267072483006+4.324974540618724e-18j)
(-1.651725854636471-5.554682816210136e-17j),(3.923051754004984-6.917094357433885e-17j),(2.762203043073578+1.36954692739246e-17j)
(-1.0591010534014884-1.3445340700600191e-16j),(3.94431982272687-2.053905497011645e-16j),(2.766094418709763+4.508662591696818e-16j)
(-1.5182520999714786-2.3033632852540682e-17j),(3.8457507299004887+5.777105517084504e-17j),(2.7492294532241157-3.473742231830454e-17j)
(4.5095325353931734-6.003050658865908e-17j),(1.0750319922912368+2.609110665382259e-17j),(-0.5983815815724378-7.708290252767914e-17j)
(-0.696779557103121-4.378402815833166e-17j),(4.071092582138242-1.7746942929179618e-16j),(1.885766371495924+5.472000375635424e-17j)
(4.5101616440009735-3.5674778865677595e-16j),(1.1225107993791346-6.503598963671432e-17j),(-0.6337055997034946-2.2305431556572344e-17j)
(-0.5230382021623358+6.859287690795519e-17j),(3.9382522808799516+2.1006417983750282e-17j),(1.8198942008692562+4.377566418052435e-16j)
(4.376795709789839+8.714048545794197e-17j),(-0.651857028356518+1.6027325505979247e-16j),(1.3100209916734282-2.5369135592703127e-17j)
(-0.40462923302775-1.358823806544423e-18j),(3.7268153289707713-1.7843729479499832e-17j),(1.8675875782285467+1.1634706794074536e-16j)
(4.149357934788633+1.4079686461157804e-16j),(-0.7181835711591037+1.1460476204272986e-16j),(1.656345734461041-3.335702172927653e-17j)
(-0.35527397227241153-1.7002899835232962e-17j),(3.6613631569498777+4.8471392033686857e-17j),(1.826351460702395-2.8126867273911427e-16j)
(-0.8275217366050118+7.340377598887319e-18j),(3.9059207922646246-2.247142718767448e-16j),(2.068550701807746-4.6707106471737835e-18j)
(3.8629565004345148-1.2857254281008172e-16j),(-0.3626065335992101+1.0479893111854938e-17j),(1.5733382203596622+7.07034723571137e-18j)
(-0.9156378853331573+1.0668780151191562e-16j),(3.798197140107757-1.04362694335632e-16j),(2.3197235357322965-2.3251071762838458e-18j)
(4.16705764007035-5.3544564917398893e-17j),(-0.4289744586351557+6.659397083271462e-17j),(1.286274022887708-1.3049405915315774e-17j)
(-0.921323073830596-1.2315545189699679e-17j),(3.9156100443296653+3.879507689236529e-17j),(2.2490222685771513+2.903161952859221e-17j)
(4.411051737359882-1.1008148493633977e-16j),(1.1162271128971006-8.9356762763033e-18j),(-0.5337286835560506+7.994858750127563e-18j)
(-0.8226468384895591+5.2947382192925754e-17j),(4.05802248803974+7.069605696278828e-17j),(2.027083322381183-1.2621136693198497e-17j)
(4.523213616353687-1.3491757132852797e-16j),(1.0757878808539532-7.821606714734816e-17j),(-0.6120499601436936-8.910966449155218e-18j)
(-0.6526059663795959+6.315468935804852e-17j),(4.053327838867028+1.5700038080841205e-16j),(1.855476640106776+3.9046759337737524e-16j)
(4.488953520846306-1.2948305581820688e-16j),(-0.6367509326811376-7.491982715648857e-17j),(1.1535762952821194-1.7641721950335803e-17j)
(-1.2201971100510292+2.4470089115378803e-18j),(4.093916397212335+1.076270116715643e-16j),(2.8864834963074792-4.4314092797064913e-16j)
(-1.593165356007535-2.8612339149449946e-17j),(4.266222749624788-1.957862053269882e-17j),(2.3941885173163966-2.1197979356923442e-17j)
(-1.0966848629790187-3.496521110565035e-17j),(4.027277226456227+9.017751399397958e-17j),(2.797267212689519+2.988483429285188e-19j)
(-1.3746363769132013+3.7427373790286415e-17j),(4.086862952732437-1.727720894336441e-17j),(2.418196156408993-4.0872822346572634e-16j)
(-0.8186598103513074+3.5932282708277227e-17j),(3.8992461333869093+1.9446985630837522e-17j),(2.5562115454038534+1.318828921430789e-19j)
(-1.014245763920887-1.6261037253195703e-16j),(3.8717806483464727+1.0517706887112485e-16j),(2.3875842096508406+1.922152429574235e-18j)
(-0.5800269365159558-2.735663653578978e-17j),(3.805763353160991-1.2444833029474593e-17j),(2.2780837966982124+3.980146956526432e-17j)
(-0.725948858099451-5.8699418876072176e-18j),(3.778153746854415-1.2487963391625479e-17j),(2.3379665280648974+1.8357905279232668e-17j)
(-0.6364804646079953-5.2559082189180313e-17j),(3.822398933073788-3.161185654711712e-17j),(2.1675449555340403-4.4318499796065204e-16j)
(-0.7239582757818868-5.0164013856940785e-18j),(3.8305762992561676-2.388371520898089e-16j),(2.4321968665094786+2.180894855047171e-17j)
(-0.9887370839451584-3.48513398753693e-18j),(3.975070332832585+4.5025877640019086e-17j),(2.2271378332463754+3.7479289058195205e-16j)
(-0.9526739379076972-3.571719980525895e-18j),(3.9558781641538543+2.056199591922741e-17j),(2.660417843815367+3.1607663144884567e-16j)
(-1.377471726547516-4.5906068519934025e-17j),(4.182339149371142+1.0644513853477245e-16j),(2.3048069162405707-3.2783494399209666e-17j)
(-1.1695732395725358-3.24477266910052e-17j),(4.068031153583555-2.955429617050641e-16j),(2.8431058322201803-1.1609852145399285e-16j)
(-1.5962524556060966-3.4450730899859997e-17j),(4.296948443458402-1.2656761203584801e-16j),(2.360529607283738+2.2240464857563245e-17j)
(-1.2097215228759481+5.177787392229405e-17j),(4.087662125251879+1.7388738285133203e-16j),(2.8803176492030946-3.620651848594604e-18j)
(-1.560535395231962+9.905324902084986e-18j),(4.234505049291269+4.920482694224995e-17j),(2.403094876982152-5.911015184433493e-17j)
(-1.0381726074454583+1.1782779951773274e-17j),(3.998169740909878-6.809012660446155e-17j),(2.7506280106100087-4.432930144286329e-16j)
(-0.7580893122961934-1.0828620057656443e-16j),(4.095943139618824+9.809138412277333e-17j),(1.798766400303673-4.5316334777466495e-17j)
(4.30698329751378+8.961473271113244e-19j),(-0.6843581199829447-1.0471077850614541e-16j),(1.4032946072085337-2.2925227620851323e-16j)
(4.111266980995856-1.845373381419237e-16j),(-0.5957378256107964-6.046138537914949e-17j),(1.6159242176870405-8.806818386647381e-17j)
(4.240694360786728-1.1368679964324601e-17j),(-0.6543990354225627-3.6179324055614984e-17j),(1.4497170096834486+4.754800401993957e-17j)
(3.996372967737591+1.2793371712606022e-16j),(-0.46658296710871927-1.2455267213356844e-17j),(1.5871161880873426-1.1547844991270346e-16j)
(4.06327331475078+6.71551231807017e-19j),(-0.6676125002688393+1.0192491903272689e-16j),(1.6586743607846648+1.1944813466049745e-16j)
(3.8426599088246407-5.960492133477156e-17j),(-0.43564909072959335+5.673523408683799e-17j),(1.6886520784385541+2.8696872479335075e-18j)
(-0.7451045443148807+1.697580246929233e-16j),(3.8365593584693305-6.180008265331139e-17j),(1.986052591601378+3.0643604229037783e-18j)
(-0.4896724809309818+3.480131114517004e-17j),(3.7933073862547335+4.1497676297356505e-17j),(1.7680083677223415-2.0787836211268784e-17j)
(-0.8403330047069586+1.0331784828410236e-16j),(3.6932819600016944-9.669197423211504e-17j),(2.2483043702487073-6.6258740519874034e-18j)
(3.917962868200969-8.064225939577381e-18j),(-0.5801128877367735+3.942969219827031e-17j),(1.7114293982912665-3.136546625869295e-17j)
(-0.8890681103728244+4.2748175651136244e-17j),(3.782466059182978-1.2105412473267354e-16j),(2.227793428663611+7.830594908153721e-17j)
(4.119348620902427+7.306335311245965e-17j),(-0.6608809241258409+9.001730277557432e-17j),(1.5742300650219694-5.205835342551836e-17j)
(-0.8491369347459259-9.819372571093894e-17j),(3.9878510075337563+1.5082090117841969e-16j),(1.9949285529718004+2.80439731920066e-16j)
(4.269853012831577+1.2504245351270446e-16j),(-0.6950755928001482+7.538790505746995e-17j),(1.450180614198606+2.4365885127988817e-16j)
(4.113717648820975-3.8582980385602873e-17j),(-0.7206489962608797-7.387052714640679e-17j),(1.7432409344622406+1.4312050694941011e-18j)
(4.302778661544055+6.091114858710253e-17j),(-0.6766778904032552-1.325864167954262e-17j),(1.4013875464143237-4.7652506907560037e-17j)
(4.093072047067791-3.134023281991706e-17j),(-0.5576685652809774+1.2883423295248018e-16j),(1.5932966762712861+1.2455060479246819e-16j)
(-1.4916578739316075+2.8831555452547384e-17j),(4.581477023048864-1.0881091045943797e-16j),(1.9819393293856415+2.603905965084783e-16j)
(-1.2277962025694051+2.88441884302692e-18j),(4.105558656381533-2.7831439050616735e-18j),(2.913023596611706-1.0127493796525167e-19j)
(-1.3733330852338062+2.893990953708156e-17j),(4.468972041995712-2.587387500766197e-18j),(2.009679558066862-2.553360208652537e-16j)
(-1.0308514383798792-3.924762603024461e-18j),(3.9640445362467207+8.605209783151412e-18j),(2.7920392677354022+2.2584467237802505e-18j)
(-1.0705328042112425+5.747781712317904e-17j),(4.190311566132392+1.9940081420128774e-18j),(2.080027420462696+1.6856007677787587e-17j)
(-0.7606630118159003+2.1765827437423658e-17j),(3.805338294586372+1.2477428708885302e-17j),(2.5615455687873796+4.512133732271772e-19j)
(-0.7527849633138648-1.139117216741427e-17j),(3.897868147636169-4.2921130735517795e-17j),(2.192703591447924+5.740045575581448e-18j)
(-0.6388447404095824+2.913751486912472e-18j),(3.785283538311818+6.478522835703189e-18j),(2.3092725146677946+2.195912245063231e-16j)
(-0.6492424704302868+5.0233705699336166e-18j),(3.7626098503692837+3.0419794972694026e-17j),(2.3804329681736225+6.170134911207361e-17j)
(-0.8103011186127593-1.7078976812151607e-17j),(3.9701880717681113+1.500170882276177e-17j),(2.1415885623153303+2.310607668183285e-16j)
(-0.825054411679043-4.0122205113892264e-18j),(3.8325000464654964-3.6538285376432984e-17j),(2.6316139028211856-1.0828575356211357e-18j)
(-1.1476341930104297-8.271794628273217e-18j),(4.273502625469251+1.312769822876692e-17j),(2.046104357508451-1.9914493290989626e-16j)
(-1.0933556401694333+6.049930824993504e-18j),(4.0059113683671095-4.430208630218914e-18j),(2.834205634877981-1.6197221947746004e-18j)
(-1.4202970111306827+4.922376449354246e-17j),(4.51857530878139-1.531356007381589e-17j),(1.992820463370564-2.2472978677717547e-16j)
(-1.248184314378716-3.104667784379384e-18j),(4.121082079549167-1.0639654080943843e-17j),(2.9241350997691486-2.221780708675226e-16j)
(-1.4847422915465969-6.345519671722494e-17j),(4.574192132037973+8.302305001755603e-17j),(1.9843263278543346-2.3120411736950164e-16j)
(-1.1953424548144342-5.941195310667707e-18j),(4.081108014278965-6.3798699171491865e-18j),(2.8948324708161333-4.456459324300607e-16j)
(-1.3120467454339093-3.539467038144128e-17j),(4.412029668912048-1.0713036044709943e-16j),(2.0232184241096474-3.1917411535109337e-18j)
(-0.8455381240057247-8.193869252613008e-17j),(4.012648064636495-1.1974074124595801e-16j),(1.936971313249958+9.065713130957225e-17j)
(4.165349397685373+2.1136559340593967e-16j),(-0.7848999221761401+7.231466055795906e-17j),(1.6649963885481758-6.163564903886735e-17j)
(-0.7636698666699591-1.985994725917168e-17j),(3.987072422477062-1.6354919641703884e-16j),(1.8779419381922229+1.8340914367621073e-16j)
(4.18025775541356+1.5561814986902827e-16j),(-0.6400802958642468+2.8211327768511194e-17j),(1.5106141881942459+3.8215127287491846e-17j)
(-0.6758988032192932+5.388370080027135e-18j),(3.8542828994350513+1.0989836849982897e-16j),(1.915255100466824-2.2630904104237176e-16j)
(4.099740078560351-1.7555779696128956e-16j),(-0.5325305478254811+1.7268316567592602e-16j),(1.4932872893719937+2.87463128536314e-18j)
(-0.6508249980452396-6.965810938954551e-17j),(3.670483552729064-1.7963109825801227e-16j),(2.0627285757398144+2.724460272252661e-17j)
(3.974662525962006-5.420385527050953e-17j),(-0.5559751854201734+5.561785816173394e-17j),(1.654083258534444+5.4097148340033433e-17j)
(-0.7047896664181721+3.6658529077647923e-17j),(3.5608694433796266+3.676025956764086e-17j),(2.2135847305903127+4.2618157243603193e-16j)
(-0.6796212979675376-5.4470224834441044e-17j),(3.8808817011084176+2.5977408197338456e-17j),(1.8840878444718365-2.4906293951918653e-16j)
(-0.7969995566055235+2.7968194636177036e-17j),(3.6522199948092204-1.3683111246570653e-16j),(2.202598446823883-3.352262920205328e-16j)
(-0.8055346370382601+2.4233741918454803e-17j),(3.8864820659042287+1.7742213059902985e-16j),(2.0149615303099875+1.8692218610131992e-16j)
(-0.8648420782301778+6.332847559365297e-17j),(3.8758970573463873+1.330013035364289e-16j),(2.037981018067267+3.0327058195123856e-16j)
(-0.8627212669668289-2.867817014683835e-17j),(3.967078443848387-2.1545472889712995e-16j),(1.9981469121600914-1.9995631080609493e-16j)
(-0.8553007394926933-8.762777633471836e-17j),(1.822632186434128-7.381831787218107e-17j),(4.077605000761734+5.042379174438367e-17j)
(-0.8302241173173948+5.6416616957265e-17j),(4.016761828797866+5.1915067703636734e-17j),(1.9173790034658704+2.6906178016139368e-18j)
(4.179402940223335+8.425319581729174e-17j),(-0.7526951567181946+4.824814563649871e-17j),(1.6195688950522273+8.954326347124075e-17j)
(-0.7398237736763327+3.719127999511706e-17j),(3.963616797666886+1.9903804025447157e-16j),(1.876093157544942-1.4184715324557275e-17j)
(-1.2337593533017523+6.0958274351599044e-21j),(4.118355506993247-4.5819209004734735e-19j),(2.8938642224557807+4.520962626121634e-19j)
(4.699992448602419-4.764179338815223e-18j),(-1.3088759154543101+1.0189180193092547e-16j),(1.6821253000358927-1.2488319820773944e-16j)
(-1.1278331755712832+3.58713100540416e-17j),(4.013228079119704+7.919004543064404e-17j),(2.8601499616452233-4.039053022169801e-18j)
(-1.1113444662395036-1.3305521037243978e-16j),(4.490861736817631-1.1170970349516534e-16j),(1.7580192793887874-3.279084228868393e-17j)
(-0.88648400674217+3.9623267132488225e-17j),(3.785904729337804+1.223489504441966e-16j),(2.7534511244226785+4.56123611708845e-18j)
(-0.8288926917023696+1.923634544104419e-16j),(4.156130277803059-6.4278420099047466e-18j),(1.9270248444969382+8.35341690886558e-18j)
(-0.6693823883401309-3.6040994408966307e-17j),(3.675132975507408-8.370792726710654e-17j),(2.5117906038023627+4.528158290636197e-16j)
(-0.6625349502121969+3.106432295903108e-17j),(3.855456871131713+1.1854871513964336e-18j),(2.208959491108129-2.5429441503545883e-16j)
(-0.6573200871494225+2.0659864604187327e-17j),(3.8430884131369227+6.810813657059309e-17j),(2.1787555559575904+1.8878775498150857e-16j)
(-0.741327941527003-4.578932721706482e-18j),(3.7459501705055636-2.1557374999494294e-17j),(2.5485328592623535+2.6136307721200777e-17j)
(-0.8778070373536034+5.664140741474874e-17j),(4.191196731802497+9.673382568168836e-17j),(1.9086647218343613+2.2132503771455325e-16j)
(-0.9780163411578178+2.964989760198472e-17j),(3.8725859950558177+1.9412021637858198e-16j),(2.7856010411927214-1.7255090555354368e-18j)
(-1.1631537265875223+2.402389780544557e-17j),(4.5326041520518086-2.1252793755831688e-17j),(1.7469705945527776+8.049562279727283e-17j)
(-1.1837566826318142-1.5328062194834815e-17j),(4.063483210009412-1.4728354112173115e-16j),(2.8797649991862504+1.0710045208530796e-16j)
(4.714441905462359+9.219876673783994e-18j),(-1.326090401719992+3.193339568676086e-18j),(1.6787634859060006-1.241321624246018e-17j)
(-1.2255080436481818-3.739969712579251e-17j),(4.11106985694991-1.294045616469876e-16j),(2.8909196230292395+2.708050790064724e-19j)
(4.667143802185169+1.1546430919269979e-16j),(-1.2768793154417422-1.3056945119337161e-16j),(1.692969704177074-6.816158484621538e-17j)
(-1.0769293440083394+2.189942268712643e-17j),(3.962339434314608-2.815421021007088e-17j),(2.8425953845289804+6.2547875229444716e-18j)
(-1.038591233091314+7.342805204590077e-17j),(1.9569784082259283-2.505345142257531e-17j),(4.075433672229977-4.8374600623325465e-17j)
(-0.9013988533667541-1.7872168637933162e-17j),(3.731345776212081+2.220996861567398e-17j),(2.3885930277895544-5.984895120899859e-17j)
(-0.9666631507434429-5.163550735101136e-17j),(1.7893145503026668+1.8188671998123824e-17j),(4.181658032059122+2.554914402779192e-16j)
(-0.7439091734564041+7.976729985747493e-17j),(3.6292940189730407+3.809395100449232e-17j),(2.312667482884487+3.8173911021935335e-16j)
(4.210926010419422-3.264490286520459e-17j),(-0.7877086580530787-1.0207293916906583e-16j),(1.6106224960986828+1.3471784203427024e-16j)
(-0.5890977970133007-1.3129164198479014e-17j),(3.5007786648642596-4.849580151039767e-17j),(2.2491765576572957+3.386939009324779e-17j)
(4.159260471944592+1.1152522319866229e-16j),(-0.6500467435762759-7.857207902042272e-17j),(1.5677494667183853+1.8909146074679188e-16j)
(-0.5339384898223142+2.248428787491144e-17j),(3.4602394974320405-6.975128776026741e-17j),(2.187517375230649-8.244151345901864e-18j)
(-0.6883254962807188+1.0343603062802131e-16j),(4.041652783166893+1.303586468444662e-16j),(1.7723951372536135-4.811178643549307e-18j)
(-0.6286770212484871-4.4528736072587604e-17j),(3.564928114767796+2.274341443637679e-17j),(2.1293636718662516+4.954089725183981e-17j)
(-0.8382600628593169+1.8326766517252913e-16j),(3.9007284489628478-2.5992004699734846e-16j),(2.1086521786359036+4.0971928921236706e-16j)
(-0.8210135252537916+1.2356060858777591e-17j),(2.0903577581936226+3.1160557686603724e-17j),(3.755796790571777-9.902776977663916e-17j)
(-0.9581429616170123-1.0972011810375966e-16j),(3.8013426399804846+1.7555187921330745e-17j),(2.361581150022164-7.436852351134486e-17j)
(-0.9901201999559459-3.202507061447576e-17j),(2.037182219042697+5.524658264568692e-17j),(3.952803284866497-2.3221512031211112e-17j)
(-0.9701517267400404-3.145427699299789e-17j),(3.764431891038695+9.611415110396934e-17j),(2.4262121155807463+3.7942933573909094e-16j)
(-1.035162257619404+1.5310211689410261e-16j),(1.9219019906063988+1.2654466279230354e-16j),(4.107711706958268+1.6444243016365607e-16j)
(-0.8678969942803869-3.1478776627664355e-17j),(3.7129232730134865+1.2094093293285664e-16j),(2.37032958989981-6.170658068956338e-17j)
(-0.9288847964384281-1.2228165784936008e-16j),(1.7425351683723567+1.3764866443557123e-16j),(4.196248016629146-2.3741161151124224e-16j)
(4.756387986382551+6.460944504619661e-17j),(-1.1611595236746393-4.915398149012882e-17j),(1.4459460962544979+4.0055687675189993e-17j)
(-1.1096670775892372+2.7681316867933764e-17j),(4.066312523914319+8.190279713067062e-17j),(2.7368247942748303-4.426510213861512e-16j)
(4.66920759665787-4.957820160250124e-17j),(-1.1053133160073814+8.172663082478579e-17j),(1.5077256570788011-1.4317073168480015e-16j)
(-0.9209165411632168-4.955730575980042e-17j),(3.8420549286242487+6.162734229873389e-17j),(2.71286210928703+4.3441114692324254e-17j)
(4.404963051296358-2.412741100440792e-16j),(-0.9136082631549892-1.451129079310746e-16j),(1.6659835558369551-1.687244943374241e-16j)
(-0.6817374357773693+1.3055817926052211e-17j),(3.5919420727808276+2.655797396225057e-17j),(2.6158296290910306-4.281918505071081e-16j)
(-0.7417841009507395-2.0590392916208865e-17j),(4.072742328480296-7.124001479340475e-17j),(1.951554934119897-1.3021419721541775e-16j)
(-0.5398846916744209-4.574927376897961e-17j),(3.6571653321208966+1.0418244529317852e-16j),(2.272212655369615-8.618874713982788e-17j)
(-0.7360192073778582+1.9741026598128004e-17j),(3.8172498645470956+1.9083988383238578e-16j),(2.3428166868814664+1.1463694494517773e-17j)
(-0.603216399157112+3.033763480755681e-17j),(3.9978652970950064+1.2135325553579612e-16j),(1.8549229980172097-9.617973911209514e-17j)
(-0.890351936499471+4.80844794846751e-17j),(3.782762818834837-5.854601338053957e-17j),(2.6634143597069597-4.336276759541983e-16j)
(4.391538705003289-2.454187563337904e-16j),(-0.8374536708625209+7.301682310522949e-17j),(1.5780030935904263-1.3290939854335708e-16j)
(-1.0744033519313039-1.3292314148115508e-16j),(3.9617635419905777-2.0932501261266258e-16j),(2.766171229605104+9.181246706270648e-18j)
(4.674859309687532+1.1000132443317208e-16j),(-1.0753152291462122+1.3132449239251932e-16j),(1.4591758177947687-1.5805908997880448e-16j)
(-1.1562657847228457-1.0074540152924231e-16j),(4.098538613926361-1.1434436236929468e-16j),(2.756864468254502-6.954841026494338e-18j)
(4.755115988917549-7.288671082860129e-18j),(-1.1650808438050864-2.250362801238022e-16j),(1.452969844869212-4.5230804949626726e-17j)
(-1.074986850008545+5.42490433969556e-17j),(4.028172565449849+1.6841391287097816e-16j),(2.7310420401645024+4.4347085850716e-16j)
(4.617952239785791+2.9421283250315365e-16j),(-1.0665050608763231+7.120708030890161e-17j),(1.5363959122004203-1.4337530788702355e-16j)
